"0","library(ggplot2)"
"0","library(reshape2)"
"0","library(RColorBrewer)"
"0","library(GGally)"
"0","library(ggcorrplot)"
"0","library(caret)"
"0","library(plotly)"
"0","library(data.table)"
"0","library(GGally)"
"0","library(tidymodels)"
"0","library(car)"
"0","library(scales)"
"0","library(lmtest)"
"0","library(dplyr)"
"0","library(MASS)"
"0","library(plyr)"
"0","library(readr)"
"0","library(TTR)"
"0","library(ggthemes)"
"0","library(lubridate)"
"0","library(understatr)"
"0","library(ggradar)"
"0","library(bbplot)"
"0","library(ggiraphExtra)"
"0","library(knitr)"
"0","library(kableExtra)"
"0","library(ggtech)"
"0","library(ggalt)"
"0","library(tidyr)"
"0","library(ggsoccer)"
"0","library(tidyverse)"
"0","options(scipen = 100, max.print = 1e+06)"
