"0","library(tidyverse)"
"0","library(caret)"
"0","library(plotly)"
"0","library(data.table)"
"0","library(GGally)"
"0","library(tidymodels)"
"0","library(car)"
"0","library(scales)"
"0","library(lmtest)"
"0","library(dplyr)"
"0","library(MASS)"
"0","library(plyr)"
"0","library(readr)"
"0","library(TTR)"
"0","library(lubridate)"
"0","library(understatr)"
"0","library(e1071)"
"0","library(partykit)"
"2","Loading required package: libcoin
"
"2","Loading required package: mvtnorm
"
"0","options(scipen = 100, max.print = 1e+06)"
