"0","glimpse(fpl)
"
"1","Observations: 5,632
"
"1","Variables: 77
"
"1","$ assists                         [3m[38;5;246m<int>[39m[23m 0, 1, 0, 0, 1, 0, 0, 0, 2, 0, 0, 0, 0, 0, 0, 0, 1, 0, 0,‚Ä¶
"
"1",""
"1","$ attempted_passes                [3m[38;5;246m<int>[39m[23m 66, 46, 52, 36, 56, 40, 41, 45, 87, 62, 70, 64, 47, 66, ‚Ä¶
"
"1",""
"1","$ big_chances_created             [3m[38;5;246m<int>[39m[23m 0, 1, 0, 0, 0, 0, 0, 0, 1, 0, 1, 0, 0, 0, 1, 0, 1, 0, 1,‚Ä¶
"
"1",""
"1","$ big_chances_missed              [3m[38;5;246m<int>[39m[23m 0, 0, 0, 0, 0, 0, 1, 0, 1, 0, 0, 0, 0, 0, 1, 0, 0, 1, 1,‚Ä¶
"
"1",""
"1","$ bonus                           [3m[38;5;246m<int>[39m[23m 0, 1, 0, 0, 3, 0, 0, 0, 2, 0, 0, 0, 0, 0, 1, 1, 0, 0, 0,‚Ä¶
"
"1",""
"1","$ bps                             [3m[38;5;246m<int>[39m[23m 16, 26, 13, 9, 28, 16, 10, 5, 35, 9, 16, 9, 10, 8, 33, 2‚Ä¶
"
"1",""
"1","$ clean_sheets                    [3m[38;5;246m<int>[39m[23m 1, 0, 0, 0, 0, 0, 0, 0, 1, 1, 0, 0, 0, 0, 0, 0, 0, 1, 0,‚Ä¶
"
"1",""
"1","$ clearances_blocks_interceptions [3m[38;5;246m<int>[39m[23m 1, 2, 0, 3, 4, 1, 2, 1, 2, 2, 4, 3, 3, 3, 4, 3, 1, 4, 2,‚Ä¶
"
"1",""
"1","$ completed_passes                [3m[38;5;246m<int>[39m[23m 55, 38, 42, 27, 51, 28, 33, 35, 76, 48, 58, 54, 38, 58, ‚Ä¶
"
"1",""
"1","$ creativity                      [3m[38;5;246m<dbl>[39m[23m 25.8, 18.1, 37.3, 2.2, 13.7, 23.3, 12.2, 3.7, 45.1, 14.3‚Ä¶
"
"1",""
"1","$ dribbles                        [3m[38;5;246m<int>[39m[23m 1, 1, 0, 1, 1, 2, 1, 0, 2, 1, 0, 1, 3, 0, 0, 0, 3, 0, 2,‚Ä¶
"
"1",""
"1","$ ea_index                        [3m[38;5;246m<int>[39m[23m 0, 0, 0, 0, 0, 0, 0, 0, 0, 0, 0, 0, 0, 0, 0, 0, 0, 0, 0,‚Ä¶
"
"1",""
"1","$ element                         [3m[38;5;246m<int>[39m[23m 390, 390, 390, 390, 390, 390, 390, 390, 390, 390, 390, 3‚Ä¶
"
"1",""
"1","$ errors_leading_to_goal          [3m[38;5;246m<int>[39m[23m 0, 0, 0, 0, 0, 0, 0, 0, 0, 0, 0, 0, 0, 0, 0, 0, 0, 0, 1,‚Ä¶
"
"1",""
"1","$ errors_leading_to_goal_attempt  [3m[38;5;246m<int>[39m[23m 0, 0, 0, 0, 0, 0, 0, 0, 0, 0, 0, 0, 0, 1, 0, 0, 1, 0, 0,‚Ä¶
"
"1",""
"1","$ fixture                         [3m[38;5;246m<int>[39m[23m 9, 12, 29, 39, 49, 56, 61, 80, 90, 100, 108, 120, 128, 1‚Ä¶
"
"1",""
"1","$ fouls                           [3m[38;5;246m<int>[39m[23m 1, 0, 2, 1, 1, 0, 1, 1, 1, 1, 0, 1, 4, 0, 0, 0, 1, 1, 2,‚Ä¶
"
"1",""
"1","$ goals_conceded                  [3m[38;5;246m<int>[39m[23m 0, 1, 1, 1, 2, 1, 2, 4, 0, 0, 1, 1, 3, 2, 2, 2, 2, 0, 2,‚Ä¶
"
"1",""
"1","$ goals_scored                    [3m[38;5;246m<int>[39m[23m 0, 0, 0, 0, 0, 0, 0, 0, 0, 0, 0, 0, 0, 0, 1, 1, 0, 0, 0,‚Ä¶
"
"1",""
"1","$ ict_index                       [3m[38;5;246m<dbl>[39m[23m 3.9, 5.2, 6.3, 0.8, 6.4, 4.7, 3.4, 2.5, 14.0, 3.2, 4.0, ‚Ä¶
"
"1",""
"1","$ id                              [3m[38;5;246m<int>[39m[23m 390, 915, 1442, 1973, 2510, 3047, 3585, 4124, 4666, 5212‚Ä¶
"
"1",""
"1","$ influence                       [3m[38;5;246m<dbl>[39m[23m 11.6, 32.0, 10.0, 3.4, 31.0, 14.4, 9.2, 5.4, 57.4, 16.0,‚Ä¶
"
"1",""
"1","$ key_passes                      [3m[38;5;246m<int>[39m[23m 2, 1, 3, 0, 1, 2, 1, 0, 4, 1, 1, 1, 0, 0, 1, 0, 2, 0, 1,‚Ä¶
"
"1",""
"1","$ kickoff_time                    [3m[38;5;246m<date>[39m[23m 2018-08-11, 2018-08-19, 2018-08-26, 2018-09-02, 2018-09‚Ä¶
"
"1",""
"1","$ kickoff_time_formatted          [3m[38;5;246m<fct>[39m[23m 11 Aug 15:00, 19 Aug 13:30, 26 Aug 13:30, 02 Sep 16:00, ‚Ä¶
"
"1",""
"1","$ loaned_in                       [3m[38;5;246m<int>[39m[23m 0, 0, 0, 0, 0, 0, 0, 0, 0, 0, 0, 0, 0, 0, 0, 0, 0, 0, 0,‚Ä¶
"
"1",""
"1","$ loaned_out                      [3m[38;5;246m<int>[39m[23m 0, 0, 0, 0, 0, 0, 0, 0, 0, 0, 0, 0, 0, 0, 0, 0, 0, 0, 0,‚Ä¶
"
"1",""
"1","$ minutes                         [3m[38;5;246m<int>[39m[23m 90, 90, 90, 90, 90, 90, 90, 90, 90, 90, 90, 90, 90, 90, ‚Ä¶
"
"1",""
"1","$ offside                         [3m[38;5;246m<int>[39m[23m 0, 0, 0, 0, 0, 0, 0, 0, 0, 0, 0, 0, 0, 0, 0, 0, 0, 0, 0,‚Ä¶
"
"1",""
"1","$ open_play_crosses               [3m[38;5;246m<int>[39m[23m 0, 0, 0, 0, 0, 0, 0, 0, 0, 0, 0, 0, 0, 0, 0, 0, 0, 0, 1,‚Ä¶
"
"1",""
"1","$ opponent_team                   [3m[38;5;246m<int>[39m[23m 3, 4, 7, 17, 14, 9, 1, 2, 20, 10, 15, 16, 12, 11, 13, 8,‚Ä¶
"
"1",""
"1","$ own_goals                       [3m[38;5;246m<int>[39m[23m 0, 0, 0, 1, 0, 0, 0, 0, 0, 0, 0, 0, 0, 0, 0, 0, 0, 0, 0,‚Ä¶
"
"1",""
"1","$ penalties_conceded              [3m[38;5;246m<int>[39m[23m 0, 0, 0, 0, 0, 0, 0, 0, 0, 0, 0, 0, 0, 0, 0, 0, 0, 0, 0,‚Ä¶
"
"1",""
"1","$ penalties_missed                [3m[38;5;246m<int>[39m[23m 0, 0, 0, 0, 0, 0, 0, 0, 0, 0, 0, 0, 0, 0, 0, 0, 0, 0, 0,‚Ä¶
"
"1",""
"1","$ penalties_saved                 [3m[38;5;246m<int>[39m[23m 0, 0, 0, 0, 0, 0, 0, 0, 0, 0, 0, 0, 0, 0, 0, 0, 0, 0, 0,‚Ä¶
"
"1",""
"1","$ recoveries                      [3m[38;5;246m<int>[39m[23m 10, 8, 10, 10, 5, 7, 8, 7, 11, 7, 5, 4, 11, 2, 7, 10, 9,‚Ä¶
"
"1",""
"1","$ red_cards                       [3m[38;5;246m<int>[39m[23m 0, 0, 0, 0, 0, 0, 0, 0, 0, 0, 0, 0, 0, 0, 0, 0, 0, 0, 0,‚Ä¶
"
"1",""
"1","$ round                           [3m[38;5;246m<fct>[39m[23m 1, 2, 3, 4, 5, 6, 7, 8, 9, 10, 11, 12, 13, 14, 15, 16, 1‚Ä¶
"
"1",""
"1","$ saves                           [3m[38;5;246m<int>[39m[23m 0, 0, 0, 0, 0, 0, 0, 0, 0, 0, 0, 0, 0, 0, 0, 0, 0, 0, 0,‚Ä¶
"
"1",""
"1","$ selected                        [3m[38;5;246m<int>[39m[23m 108189, 102174, 101619, 93812, 86060, 94126, 88651, 8580‚Ä¶
"
"1",""
"1","$ tackled                         [3m[38;5;246m<int>[39m[23m 1, 1, 0, 1, 1, 0, 0, 0, 4, 3, 1, 4, 3, 1, 2, 4, 2, 2, 1,‚Ä¶
"
"1",""
"1","$ tackles                         [3m[38;5;246m<int>[39m[23m 1, 0, 0, 2, 3, 1, 2, 0, 1, 0, 0, 0, 0, 0, 2, 0, 0, 0, 0,‚Ä¶
"
"1",""
"1","$ target_missed                   [3m[38;5;246m<int>[39m[23m 0, 0, 1, 0, 2, 0, 2, 1, 0, 0, 0, 0, 0, 1, 0, 0, 0, 0, 1,‚Ä¶
"
"1",""
"1","$ team_a_score                    [3m[38;5;246m<int>[39m[23m 0, 3, 1, 1, 2, 1, 0, 4, 2, 0, 0, 1, 3, 0, 2, 2, 2, 2, 2,‚Ä¶
"
"1",""
"1","$ team_h_score                    [3m[38;5;246m<int>[39m[23m 2, 1, 2, 2, 1, 1, 2, 0, 0, 3, 1, 1, 0, 2, 1, 2, 3, 0, 1,‚Ä¶
"
"1",""
"1","$ threat                          [3m[38;5;246m<dbl>[39m[23m 2, 2, 16, 2, 19, 9, 13, 16, 37, 2, 4, 4, 0, 15, 120, 59,‚Ä¶
"
"1",""
"1","$ total_points                    [3m[38;5;246m<int>[39m[23m 3, 6, 2, 0, 8, 2, 1, 1, 11, 3, 2, 2, 2, 2, 8, 8, 5, 3, 2‚Ä¶
"
"1",""
"1","$ transfers_balance               [3m[38;5;246m<int>[39m[23m 0, -10474, -3442, -8765, -8815, 5811, -5346, -3475, -653‚Ä¶
"
"1",""
"1","$ transfers_in                    [3m[38;5;246m<int>[39m[23m 0, 3062, 8699, 3935, 3322, 12004, 2384, 2461, 1800, 2985‚Ä¶
"
"1",""
"1","$ transfers_out                   [3m[38;5;246m<int>[39m[23m 0, 13536, 12141, 12700, 12137, 6193, 7730, 5936, 8339, 3‚Ä¶
"
"1",""
"1","$ value                           [3m[38;5;246m<int>[39m[23m 60, 60, 60, 60, 59, 59, 59, 59, 59, 59, 59, 59, 59, 59, ‚Ä¶
"
"1",""
"1","$ was_home                        [3m[38;5;246m<fct>[39m[23m True, False, True, True, True, False, False, True, False‚Ä¶
"
"1",""
"1","$ winning_goals                   [3m[38;5;246m<int>[39m[23m 0, 0, 0, 0, 0, 0, 0, 0, 0, 0, 0, 0, 0, 0, 0, 0, 0, 0, 0,‚Ä¶
"
"1",""
"1","$ yellow_cards                    [3m[38;5;246m<int>[39m[23m 0, 0, 0, 0, 0, 0, 1, 1, 0, 0, 0, 0, 0, 0, 0, 0, 0, 0, 0,‚Ä¶
"
"1",""
"1","$ first_name                      [3m[38;5;246m<fct>[39m[23m Abdoulaye, Abdoulaye, Abdoulaye, Abdoulaye, Abdoulaye, A‚Ä¶
"
"1",""
"1","$ second_name                     [3m[38;5;246m<fct>[39m[23m Doucour√©, Doucour√©, Doucour√©, Doucour√©, Doucour√©, Doucou‚Ä¶
"
"1",""
"1","$ club                            [3m[38;5;246m<fct>[39m[23m WAT, WAT, WAT, WAT, WAT, WAT, WAT, WAT, WAT, WAT, WAT, W‚Ä¶
"
"1",""
"1","$ position                        [3m[38;5;246m<fct>[39m[23m DM, DM, DM, DM, DM, DM, DM, DM, DM, DM, DM, DM, DM, DM, ‚Ä¶
"
"1",""
"1","$ new_col                         [3m[38;5;246m<dbl>[39m[23m NA, NA, NA, 1.0000000, 1.0000000, 1.0000000, 1.0000000, ‚Ä¶
"
"1",""
"1","$ fpl_form                        [3m[38;5;246m<dbl>[39m[23m NA, NA, NA, NA, 2.75, 4.00, 3.00, 2.75, 3.00, 3.75, 4.00‚Ä¶
"
"1",""
"1","$ influence_form                  [3m[38;5;246m<dbl>[39m[23m NA, NA, NA, NA, 14.25, 19.10, 14.70, 14.50, 15.00, 21.60‚Ä¶
"
"1",""
"1","$ creativity_form                 [3m[38;5;246m<dbl>[39m[23m NA, NA, NA, NA, 20.850, 17.825, 19.125, 12.850, 13.225, ‚Ä¶
"
"1",""
"1","$ threat_form                     [3m[38;5;246m<dbl>[39m[23m NA, NA, NA, NA, 5.50, 9.75, 11.50, 10.75, 14.25, 18.75, ‚Ä¶
"
"1",""
"1","$ ict_index_form                  [3m[38;5;246m<dbl>[39m[23m NA, NA, NA, NA, 4.050, 4.675, 4.550, 3.825, 4.250, 6.150‚Ä¶
"
"1",""
"1","$ point_att                       [3m[38;5;246m<dbl>[39m[23m 2.0, 2.5, 2.0, 2.0, 0.0, 1.5, 0.0, 0.0, 2.5, 2.0, 0.0, 1‚Ä¶
"
"1",""
"1","$ team_form                       [3m[38;5;246m<dbl>[39m[23m NA, NA, NA, NA, 2.125, 1.625, 1.375, 0.875, 0.375, 1.000‚Ä¶
"
"1",""
"1","$ minutes_chance                  [3m[38;5;246m<dbl>[39m[23m NA, NA, NA, NA, 1.0000000, 1.0000000, 1.0000000, 1.00000‚Ä¶
"
"1",""
"1","$ opponent                        [3m[38;5;246m<fct>[39m[23m BHA, BUR, CRY, TOT, MUN, FUL, ARS, BOU, WOL, HUD, NEW, S‚Ä¶
"
"1",""
"1","$ opponent_form                   [3m[38;5;246m<dbl>[39m[23m 0.9583333, 1.0000000, 1.2708333, 2.0937500, 1.1250000, 0‚Ä¶
"
"1",""
"1","$ Club                            [3m[38;5;246m<fct>[39m[23m Watford, Watford, Watford, Watford, Watford, Watford, Wa‚Ä¶
"
"1",""
"1","$ Elo                             [3m[38;5;246m<dbl>[39m[23m 1623.496, 1635.504, 1648.224, 1653.371, 1666.494, 1660.1‚Ä¶
"
"1",""
"1","$ opponent_elo                    [3m[38;5;246m<dbl>[39m[23m 1630.092, 1701.900, 1694.860, 1929.415, 1860.189, 1623.7‚Ä¶
"
"1",""
"1","$ date                            [3m[38;5;246m<date>[39m[23m 2018-08-11, 2018-08-19, 2018-08-26, 2018-09-02, 2018-09‚Ä¶
"
"1",""
"1","$ hour                            [3m[38;5;246m<chr>[39m[23m ""15:00"", ""13:30"", ""13:30"", ""16:00"", ""17:30"", ""12:30"", ""1‚Ä¶
"
"1",""
"1","$ date_hour                       [3m[38;5;246m<dttm>[39m[23m 2018-08-11 15:00:00, 2018-08-19 13:30:00, 2018-08-26 13‚Ä¶
"
"1",""
"1","$ kickoff_hour                    [3m[38;5;246m<fct>[39m[23m afternoon kick-off, lunchtime kick-off, lunchtime kick-o‚Ä¶
"
"1",""
"1","$ range_day                       [3m[38;5;246m<drtn>[39m[23m NA days, 7.937500 days, 7.000000 days, 7.104167 days, 1‚Ä¶
"
