"0","library(randomForest)"
"2","randomForest 4.6-14
"
"2","Type rfNews() to see new features/changes/bug fixes.
"
"2","
Attaching package: ‘randomForest’

"
"2","The following object is masked from ‘package:dials’:

    margin

"
"2","The following object is masked from ‘package:dplyr’:

    combine

"
"2","The following object is masked from ‘package:ggplot2’:

    margin

"
"0","fpl_prediction_test <- predict(fpl_forest, fpl_test)"
"0","fpl_prediction_train <- predict(fpl_forest, fpl_train)"
"0",""
